update_wall_ms,thread_cpu_ms,thread_cpu_percent,process_cpu_percent,rss_mib,lidar_points,radar_points
0.681,0.740,108.8,0.3,29.8,5952,43
1.273,1.384,108.8,16.0,33.1,11668,30
0.725,0.788,108.8,10.6,33.5,12160,44
0.690,0.750,108.7,8.8,33.9,11976,26
0.682,0.742,108.8,10.0,40.8,12230,25
0.662,0.721,108.8,7.9,41.2,11756,23
0.661,0.718,108.7,13.7,34.1,12031,29
0.705,0.767,108.8,7.2,43.0,11708,28
0.647,0.703,108.6,8.0,43.4,11742,30
0.704,0.765,108.7,7.0,43.4,12085,24
0.713,0.711,99.6,7.0,36.3,12026,28
0.806,0.803,99.6,9.1,36.3,11667,28
0.678,0.676,99.7,9.5,36.3,11771,31
0.744,0.741,99.7,9.8,36.3,11664,19
0.772,0.770,99.7,8.5,36.3,11833,25
0.730,0.727,99.7,9.6,36.3,11575,25
0.860,0.857,99.7,8.6,36.3,11980,27
0.761,0.758,99.7,9.1,36.3,11488,18
0.932,0.929,99.7,11.9,36.3,11628,28
0.813,0.811,99.8,14.5,36.3,11656,31
0.741,0.739,99.7,9.5,36.3,11701,29
0.716,0.714,99.7,10.0,36.3,11497,32
0.684,0.681,99.6,8.5,43.0,11543,31
0.753,0.750,99.7,8.5,43.0,11753,22
0.678,0.676,99.7,7.1,36.3,11868,21
0.831,0.828,99.7,10.0,43.0,12026,20
0.785,0.782,99.7,13.9,43.2,11996,22
0.815,0.812,99.7,7.6,36.3,11949,30
0.919,0.916,99.6,6.9,36.3,12200,25
0.756,0.753,99.7,11.0,36.3,11938,38
0.794,0.791,99.7,10.3,36.3,12288,40
0.793,0.790,99.7,12.8,36.3,12050,25
0.714,0.712,99.6,8.9,36.3,11546,20
0.765,0.763,99.7,13.7,36.3,12044,26
0.894,0.891,99.6,6.5,36.3,12054,34
0.782,0.779,99.7,8.8,36.3,12172,39
0.994,0.992,99.7,9.6,36.8,13015,53
0.992,0.988,99.6,10.7,37.1,13409,72
1.030,1.027,99.7,9.4,44.7,14422,40
0.945,0.943,99.8,14.1,44.7,15354,35
1.090,1.088,99.8,5.5,45.1,15991,41
1.148,1.145,99.8,18.6,41.9,16622,27
1.187,1.183,99.7,7.4,42.1,17787,32
1.184,1.182,99.8,9.2,42.8,18968,32
1.330,1.327,99.7,12.1,43.2,22259,21
3.070,3.067,99.9,11.1,48.9,50863,34
1.749,1.745,99.8,12.7,47.0,29683,19
1.882,1.878,99.8,11.3,47.0,31894,17
2.037,2.033,99.8,14.6,48.2,32947,13
2.336,2.329,99.7,16.3,49.7,36721,39
2.429,2.425,99.8,14.6,50.2,36732,18
2.483,2.479,99.8,12.8,50.6,37681,68
2.371,2.367,99.8,13.4,50.6,37427,106
2.306,2.301,99.8,12.7,50.6,36838,104
2.245,2.241,99.8,14.3,50.6,36234,181
2.329,2.350,100.9,14.4,50.6,35675,248
2.319,2.340,100.9,13.4,50.6,34060,234
2.727,2.651,97.2,15.0,50.6,34014,283
2.258,2.279,100.9,11.1,50.6,32621,341
2.713,2.739,101.0,25.0,51.6,32821,280
2.511,2.537,101.0,12.3,52.9,35579,347
2.337,2.264,96.9,14.4,47.0,27928,278
2.239,2.260,100.9,8.4,48.1,29441,301
2.349,2.373,101.0,22.9,48.2,30964,207
2.458,2.482,101.0,8.9,48.2,30778,276
2.559,2.495,97.5,13.0,49.7,32952,315
2.157,2.177,100.9,12.4,49.8,28358,123
3.701,3.616,97.7,25.6,49.8,30968,134
2.639,2.559,97.0,8.8,49.8,31199,102
2.396,2.419,101.0,12.5,49.8,31335,233
2.635,2.660,100.9,12.8,49.8,31518,140
2.708,2.735,101.0,11.3,49.9,31500,191
2.787,2.814,101.0,12.4,49.9,31772,242
2.605,2.631,101.0,12.0,49.9,31569,104
2.513,2.538,101.0,14.9,49.9,31524,102
2.628,2.655,101.0,23.5,49.9,31077,168
2.477,2.500,101.0,11.3,49.9,30884,104
3.675,3.713,101.0,26.1,49.9,30593,120
2.737,2.760,100.8,9.8,49.9,30107,174
2.723,2.750,101.0,15.9,49.9,30466,122
2.523,2.546,100.9,12.3,49.9,29922,135
2.510,2.535,101.0,14.9,49.9,29758,147
2.473,2.430,98.3,23.2,49.9,29307,182
2.741,2.673,97.5,15.1,49.9,29248,158
2.601,2.626,101.0,8.1,49.9,29113,115
2.821,2.765,98.0,14.1,49.9,29178,125
2.788,2.816,101.0,13.1,49.9,29197,201
2.869,2.897,101.0,13.2,49.9,29378,129
2.758,2.785,101.0,12.6,51.2,29745,104
2.543,2.567,100.9,15.2,51.3,30136,156
2.586,2.611,101.0,14.1,51.3,30520,174
2.975,3.004,101.0,14.3,51.3,30928,76
5.679,5.449,95.9,31.7,51.3,31203,140
2.767,2.793,100.9,10.0,51.3,31651,144
3.003,3.033,101.0,14.2,51.3,32484,159
2.902,2.831,97.6,14.3,52.8,32203,95
3.265,3.213,98.4,16.2,54.3,33431,148
6.500,6.268,96.4,37.1,55.8,33558,83
3.476,3.512,101.0,12.7,57.4,35195,71
3.319,3.351,101.0,17.1,57.4,33787,46
