backend,scenario,point_setting,repetition,frame,input_points,within_range_points,update_wall_ms,thread_cpu_ms,thread_cpu_percent,map_elements,rss_mib
octomap,real,0,0,0,36090,36090,5.133552,5.129881,99.928490,5594,230.226562
octomap,real,0,0,1,35672,35672,5.096192,5.094451,99.965837,8069,230.226562
octomap,real,0,0,2,35677,35677,4.713134,4.711512,99.965586,8701,230.226562
octomap,real,0,0,3,35942,35942,4.644148,4.642603,99.966732,9032,230.226562
octomap,real,0,0,4,35938,35938,4.678408,4.674395,99.914223,9133,230.226562
octomap,real,0,0,5,35864,35864,4.451723,4.450353,99.969225,9184,230.226562
octomap,real,0,0,6,35627,35627,3.520029,3.518742,99.963438,9125,230.226562
octomap,real,0,0,7,35938,35938,3.639445,3.638644,99.977991,9363,230.226562
octomap,real,0,0,8,35774,35774,3.902972,3.902165,99.979323,9382,230.226562
octomap,real,0,0,9,35839,35839,3.582857,3.582006,99.976248,9546,230.226562
octomap,real,0,0,10,35846,35846,3.273811,3.272927,99.972998,9566,230.226562
octomap,real,0,0,11,35889,35889,3.330299,3.329126,99.964778,9674,230.226562
octomap,real,0,0,12,35755,35755,3.393420,3.392434,99.970944,9714,230.226562
octomap,real,0,0,13,35423,35423,3.378068,3.377193,99.974098,9691,230.226562
octomap,real,0,0,14,35385,35385,3.206508,3.203884,99.918166,9653,230.226562
octomap,real,0,0,15,35826,35826,3.380633,3.376222,99.869521,9647,230.226562
octomap,real,0,0,16,35526,35526,3.132049,3.130275,99.943360,9753,230.226562
octomap,real,0,0,17,35447,35447,3.237846,3.237194,99.979863,9811,230.226562
octomap,real,0,0,18,35765,35765,3.957964,3.957071,99.977438,9896,230.226562
octomap,real,0,0,19,35437,35437,3.660596,3.658393,99.939819,9983,230.226562
octomap,real,0,0,20,35678,35678,3.407203,3.405011,99.935666,10078,230.226562
octomap,real,0,0,21,35663,35663,3.400109,3.397787,99.931708,10449,230.226562
octomap,real,0,0,22,35382,35382,3.680967,3.680070,99.975631,11271,230.226562
octomap,real,0,0,23,35686,35686,4.167882,4.166048,99.955997,12134,230.226562
octomap,real,0,0,24,35492,35492,4.701403,4.699528,99.960118,12853,230.226562
octomap,real,0,0,25,35735,35735,4.094376,4.092910,99.964195,13136,230.226562
octomap,real,0,0,26,35947,35947,3.943563,3.941722,99.953316,13827,230.226562
octomap,real,0,0,27,35651,35651,4.097857,4.095963,99.953781,14028,230.226562
octomap,real,0,0,28,35886,35886,4.769807,4.767909,99.960208,14466,230.226562
octomap,real,0,0,29,35021,35021,4.663700,4.661438,99.951498,15354,230.226562
octomap,real,0,0,30,34852,34852,3.793629,3.792707,99.975696,16243,230.226562
octomap,real,0,0,31,34176,34176,3.847450,3.844937,99.934684,17143,230.226562
octomap,real,0,0,32,33955,33952,4.037117,4.035726,99.965545,18411,230.226562
octomap,real,0,0,33,32892,32892,3.903931,3.901803,99.945491,19311,230.226562
octomap,real,0,0,34,32842,32837,3.729963,3.727486,99.933592,20456,230.226562
octomap,real,0,0,35,32382,32380,4.371917,4.370820,99.974908,21335,230.226562
octomap,real,0,0,36,33161,33161,4.616877,4.614776,99.954493,21910,230.226562
octomap,real,0,0,37,34102,34102,4.339214,4.336778,99.943861,22783,230.226562
octomap,real,0,0,38,34389,34389,4.533145,4.527924,99.884826,23121,230.226562
octomap,real,0,0,39,34710,34710,4.676222,4.674891,99.971537,24042,230.226562
octomap,real,0,0,40,35584,35584,4.703624,4.701835,99.961965,24854,230.226562
octomap,real,0,0,41,35851,35851,5.510203,5.508456,99.968295,25746,230.226562
octomap,real,0,0,42,36231,36231,5.452590,5.439220,99.754795,27055,230.226562
octomap,real,0,0,43,37265,37262,7.458817,7.457046,99.976256,29524,230.226562
octomap,real,0,0,44,37543,37542,6.950277,6.947898,99.965771,32194,230.226562
octomap,real,0,0,45,38688,38686,7.586580,7.583758,99.962803,35374,230.226562
octomap,real,0,0,46,39166,39165,8.171197,8.166368,99.940902,38408,230.226562
octomap,real,0,0,47,40429,40427,8.650584,8.648353,99.974210,41001,230.226562
octomap,real,0,0,48,41144,41139,9.241120,9.238859,99.975533,43665,230.226562
octomap,real,0,0,49,40897,40894,9.607567,9.605943,99.983097,45775,230.226562
octomap,real,0,0,50,40857,40857,12.085453,12.083139,99.980853,47401,230.226562
octomap,real,0,0,51,39913,39913,11.585062,11.582817,99.980622,48899,230.226562
octomap,real,0,0,52,39106,39106,11.319967,11.317449,99.977756,50078,230.226562
octomap,real,0,0,53,38567,38567,13.122242,13.119662,99.980339,51669,230.226562
octomap,real,0,0,54,37643,37642,12.933413,12.931253,99.983299,53297,230.226562
octomap,real,0,0,55,37679,37672,13.800516,13.777661,99.834390,55510,230.226562
octomap,real,0,0,56,36687,36663,13.881465,13.878845,99.981126,57951,230.226562
octomap,real,0,0,57,35551,35529,14.882435,14.879753,99.981979,60634,230.226562
octomap,real,0,0,58,34499,34474,16.021698,15.976137,99.715629,63941,230.226562
octomap,real,0,0,59,33766,33730,18.529486,18.527143,99.987355,67436,230.226562
octomap,real,0,0,60,33061,33019,17.566400,17.564133,99.987095,70912,230.226562
octomap,real,0,0,61,32139,32042,19.507853,19.504728,99.983981,73818,230.226562
octomap,real,0,0,62,31819,31736,21.114521,21.112784,99.991773,76797,230.226562
octomap,real,0,0,63,31762,31690,21.497167,21.495029,99.990055,78821,230.226562
octomap,real,0,0,64,31474,31412,22.788497,22.786745,99.992312,80361,230.226562
octomap,real,0,0,65,31319,31242,22.439573,22.437296,99.989853,81256,230.226562
octomap,real,0,0,66,31346,31235,21.864772,21.850112,99.932952,81489,230.226562
octomap,real,0,0,67,30957,30852,21.141088,21.139107,99.990630,82212,230.226562
octomap,real,0,0,68,31410,31278,25.048995,25.047110,99.992475,84056,230.226562
octomap,real,0,0,69,31567,31433,26.284483,26.281827,99.989895,85462,230.226562
octomap,real,0,0,70,31613,31479,25.528138,25.525787,99.990791,87660,230.226562
octomap,real,0,0,71,32076,31893,27.911908,27.909402,99.991022,90927,230.226562
octomap,real,0,0,72,32169,31971,27.182207,27.179692,99.990748,94086,230.226562
octomap,real,0,0,73,32072,31852,30.065494,30.062936,99.991492,96838,230.226562
octomap,real,0,0,74,32345,32092,29.895718,29.893250,99.991745,98480,230.226562
octomap,real,0,0,75,32142,31842,31.170436,31.167175,99.989538,99226,230.226562
octomap,real,0,0,76,31801,31532,34.965825,34.964214,99.995393,99058,230.226562
octomap,real,0,0,77,31397,31105,35.508815,35.506716,99.994089,98951,230.226562
octomap,real,0,0,78,31296,30998,38.443502,38.440393,99.991913,98032,230.507812
octomap,real,0,0,79,30917,30585,41.535116,41.532843,99.994528,96876,230.507812
octomap,real,0,0,80,30708,30380,38.384934,38.382809,99.994464,96591,231.492188
octomap,real,0,0,81,30715,30386,46.830423,46.826601,99.991839,96403,231.632812
octomap,real,0,0,82,30487,30283,37.656665,37.649758,99.981658,96790,231.632812
octomap,real,0,0,83,30184,29952,41.633585,41.619463,99.966080,98021,231.632812
octomap,real,0,0,84,29990,29687,40.172816,40.170705,99.994745,100887,231.773438
octomap,real,0,0,85,29602,29288,41.199865,41.196690,99.992294,104255,231.914062
octomap,real,0,0,86,29747,29418,46.091849,46.088917,99.993639,107501,231.914062
octomap,real,0,0,87,29678,29284,44.291227,44.288423,99.993669,109021,231.914062
octomap,real,0,0,88,29862,29390,43.374971,43.360993,99.967774,110313,232.898438
octomap,real,0,0,89,30096,29581,42.724095,42.721112,99.993018,110807,233.179688
octomap,real,0,0,90,30720,30154,47.808736,47.760505,99.899117,110739,233.179688
octomap,real,0,0,91,30793,30236,49.749744,49.746598,99.993676,110604,233.320312
octomap,real,0,0,92,31354,30743,53.951959,53.949402,99.995261,109932,233.601562
octomap,real,0,0,93,31650,31000,54.208036,54.206158,99.996536,108376,233.742188
octomap,real,0,0,94,32120,31303,62.334836,62.331735,99.995025,106793,233.742188
octomap,real,0,0,95,32569,31546,56.081819,56.076357,99.990261,105544,234.164062
octomap,real,0,0,96,32851,31669,66.522838,66.519573,99.995092,104990,234.304688
octomap,real,0,0,97,33370,32071,66.010003,66.006590,99.994830,105569,234.304688
octomap,real,0,0,98,33984,32668,74.584725,74.580635,99.994516,105836,234.304688
octomap,real,0,0,99,34499,33072,69.045096,68.997991,99.931776,106588,234.445312
octomap,real,0,0,100,35135,33805,78.509309,78.505666,99.995360,107208,234.585938
octomap,real,0,0,101,35085,33710,70.990403,70.976241,99.980051,106896,234.585938
octomap,real,0,0,102,35435,34058,64.168274,64.165398,99.995518,107258,234.726562
octomap,real,0,0,103,35579,34253,70.435914,70.431813,99.994178,107050,234.867188
octomap,real,0,0,104,35700,34350,65.369627,65.360636,99.986246,105372,234.867188
octomap,real,0,0,105,35876,34549,74.273351,74.270838,99.996617,104636,235.007812
octomap,real,0,0,106,35592,34201,74.556543,74.553030,99.995288,103220,235.007812
octomap,real,0,0,107,35847,34528,71.117242,71.114503,99.996149,101942,235.007812
octomap,real,0,0,108,35825,34538,68.294963,68.292178,99.995922,101256,235.007812
octomap,real,0,0,109,35966,34662,87.924051,87.920495,99.995956,100859,235.007812
octomap,real,0,0,110,35941,34685,78.594426,78.590979,99.995614,101334,235.007812
octomap,real,0,0,111,36013,34833,83.602351,83.591088,99.986528,101536,235.007812
octomap,real,0,0,112,36139,34987,73.329525,73.325562,99.994596,102680,235.007812
octomap,real,0,0,113,36560,35329,75.715561,75.711261,99.994321,103815,235.007812
octomap,real,0,0,114,36610,35627,78.416047,78.404486,99.985257,104767,235.148438
octomap,real,0,0,115,37266,36136,76.737228,76.720365,99.978025,106315,235.148438
octomap,real,0,0,116,37718,36613,78.970723,78.965522,99.993414,107442,235.289062
octomap,real,0,0,117,38281,37116,79.965471,79.960237,99.993455,108828,235.429688
octomap,real,0,0,118,38653,37544,80.800056,80.783411,99.979400,110117,235.570312
octomap,real,0,0,119,39209,38196,88.440712,88.436718,99.995484,111174,235.570312
